name,kind,region,category,mappedUrl
Abu Dhabi Global Market,additional,ME/AF,All,
Abu Dhabi Office of Data Protection,additional,ME/AF,All,
Access to Cash Review,additional,UK/EU,All,
ACPR,source,UK/EU,Insurance,https://acpr.banque-france.fr/en/publications-and-statistics
ADGM FSRA,source,ME/AF,Securities,https://www.adgm.com/fsra/regulations/rulebooks
Administrative Council for Economic Defense - Brazil,additional,AMER,All,
Advertising Regulatory Board,additional,ME/AF,All,
Advertising Standards Authority,additional,UK/EU,All,
Advertising Standards Authority for Ireland,additional,UK/EU,All,
Advertising Standards Authority of Singapore,additional,APAC,All,
Advertising Standards Council of India,additional,APAC,All,
AFM,source,UK/EU,Securities,https://www.afm.nl/en/professionals/onderwerpen
Agence Française Anticorruption,additional,UK/EU,All,
Agencia Espanola Proteccion Datos,additional,UK/EU,All,
Agency Against Corruption,additional,Global,All,
Agency for Digital Italy,additional,UK/EU,All,
Agency for Personal Data Protection,additional,UK/EU,All,
Agency for Protection of Competition,additional,UK/EU,All,
Alabama,jurisdiction,Alabama,All,
Alaska,jurisdiction,Alaska,All,
Albania,jurisdiction,Albania,All,
Alberta,jurisdiction,Alberta,All,
American Bankers Association,additional,AMER,All,
AMF,source,UK/EU,Securities,https://www.amf-france.org/en/regulation/general-regulation-and-instructions
Angola Data Protection Agency,additional,ME/AF,All,
Angola Financial Intelligence Unit,additional,ME/AF,All,
Anti-Money Laundering and Counter-Terrorism Financing Office,additional,APAC,All,
Anti-Money Laundering Authority (AMLA) - EU,additional,UK/EU,All,
Anti-Money Laundering Division (Executive Yuan),additional,APAC,All,
Antimonopoly Office of the Slovak Republic,additional,UK/EU,All,
APRA,source,APAC,Prudential,https://www.apra.gov.au/industries
Argentina,jurisdiction,Argentina,All,
Argentina Ministry of Economy,additional,AMER,All,
Argentine Bankers Association,additional,AMER,All,
Arizona,jurisdiction,Arizona,All,
Arkansas,jurisdiction,Arkansas,All,
Armenia,jurisdiction,Armenia,All,
Armenia Personal Data Protection Agency,additional,UK/EU,All,
Armenia State Commission for the Protection of Economic Competition,additional,UK/EU,All,
ASEAN,additional,APAC,All,
Asia/Pacific Group on Money Laundering (APG),additional,APAC,All,
Asian Financial Cooperation Association,additional,APAC,All,
ASIC,source,APAC,Securities,https://asic.gov.au/regulatory-resources/find-a-document/regulatory-guides/
Association of Banks in Cambodia,additional,APAC,All,
Association of Banks in Fiji,additional,APAC,All,
Association of Banks of Singapore,additional,APAC,All,
Association of German Banks,additional,UK/EU,All,
Association of Serbian Banks,additional,UK/EU,All,
Australia,jurisdiction,Australia,All,
Australian Banking Association,additional,APAC,All,
Australian Communications and Media Authority,additional,APAC,All,
Australian Competition and Consumer Commission,additional,APAC,All,
Australian Cyber Security Centre,additional,APAC,All,
Australian Department of Home Affairs,additional,APAC,All,
Australian Finance Industry Association Limited,additional,APAC,All,
Australian Financial Complaints Authority,additional,APAC,All,
Australian Human Rights Commission,additional,APAC,All,
Australian Payments Council,additional,APAC,All,
Australian Payments Network,additional,APAC,All,
Australian Prudential Regulation Authority,additional,APAC,All,
Australian Securities and Investments Commission,additional,APAC,All,
Australian Transaction Reports and Analysis Centre,additional,APAC,All,
Australian Treasury,additional,APAC,All,
Austria,jurisdiction,Austria,All,
Austrian Data Protection Council,additional,UK/EU,All,
Austrian Federal Ministry of Finance,additional,UK/EU,All,
Authority for Anti-Money Laundering and Countering the Financing of Terrorism,additional,UK/EU,All,
Autorité de Contrôle Prudentiel et de Résolution,additional,UK/EU,All,
Autorité de la concurrence,additional,UK/EU,All,
Autorité des Marchés Financiers (AMF),additional,UK/EU,All,
Azerbaijan,jurisdiction,Azerbaijan,All,
Azerbaijan Competition Authority,additional,UK/EU,All,
BaFin,source,UK/EU,Banking,https://www.bafin.de/EN/Aufsicht/BankenFinanzdienstleister/Regularien/regularien_node.html
Bahrain,jurisdiction,Bahrain,All,
Bahrain Government,additional,ME/AF,All,
Banco de España,additional,UK/EU,All,
Banco de la República Colombia,additional,AMER,All,
Banco de México,additional,AMER,All,
Banco de Portugal,additional,UK/EU,All,
Bangko Sentral ng Pilipinas,additional,APAC,All,
Bangladesh,jurisdiction,Bangladesh,All,
Bangladesh Bank,additional,APAC,All,
Bangladesh Financial Intelligence Unit,additional,APAC,All,
Bangladesh Securities and Exchange Commission,additional,APAC,All,
Bank for International Settlements,additional,Global,All,
Bank Indonesia,additional,APAC,All,
Bank Negara Malaysia,additional,APAC,All,
Bank of Albania,additional,UK/EU,All,
Bank of Canada,additional,AMER,All,
Bank of England,additional,UK/EU,All,
Bank of Ghana,additional,ME/AF,All,
Bank of Israel,additional,ME/AF,All,
Bank of Italy,additional,UK/EU,All,
Bank of Japan,additional,APAC,All,
Bank of Korea,additional,APAC,All,
Bank of Mauritius,additional,ME/AF,All,
Bank of Thailand,additional,APAC,All,
Banking Association South Africa,additional,ME/AF,All,
Banque de France,additional,UK/EU,All,
Basel Committee on Banking Supervision,additional,Global,All,
BCBS / BIS,source,Global,Prudential,https://www.bis.org/bcbs/publ/index.htm
BCBS / BIS,source,Global,Banking,https://www.bis.org/publ/work.htm
BCBS / BIS,source,Global,Prudential,https://www.bis.org/bcbs/basel3.htm
Belarus,jurisdiction,Belarus,All,
Belgian Competition Authority,additional,UK/EU,All,
Belgian Data Protection Authority,additional,UK/EU,All,
Belgian Financial Intelligence Processing Unit,additional,UK/EU,All,
Belgium,jurisdiction,Belgium,All,
Bermuda Monetary Authority,additional,AMER,All,
Board of Governors of the Federal Reserve System,additional,AMER,All,
Botswana,jurisdiction,Botswana,All,
Brazil,jurisdiction,Brazil,All,
Brazil Superintendence of Private Insurance,additional,AMER,All,
Brazilian Securities and Exchange Commission,additional,AMER,All,
British Columbia Financial Services Authority,additional,AMER,All,
British Columbia Securities Commission,additional,AMER,All,
Bulgaria,jurisdiction,Bulgaria,All,
Bulgarian Commission for Personal Data Protection,additional,UK/EU,All,
Bulgarian Financial Supervision Commission,additional,UK/EU,All,
Bulgarian National Bank,additional,UK/EU,All,
Bundeskartellamt,additional,UK/EU,All,
BVIFSC,source,AMER,Securities,https://www.bvifsc.vg/regulation/laws-and-regulations
California,jurisdiction,California,All,
Cambodia,jurisdiction,Cambodia,All,
Canada,jurisdiction,Canada,All,
Cayman Islands Monetary Authority,additional,AMER,All,
CBI,source,UK/EU,Banking,https://www.centralbank.ie/regulation/industry-market-sectors
Central Bank of Armenia,additional,UK/EU,All,
Central Bank of Bahrain,additional,ME/AF,All,
Central Bank of Bangladesh,additional,APAC,All,
Central Bank of Brazil,additional,AMER,All,
Central Bank of Chile,additional,AMER,All,
Central Bank of Colombia,additional,AMER,All,
Central Bank of Cyprus,additional,UK/EU,All,
Central Bank of Egypt,additional,ME/AF,All,
Central Bank of Ireland,additional,UK/EU,All,
Central Bank of Jordan,additional,ME/AF,All,
Central Bank of Kenya,additional,ME/AF,All,
Central Bank of Luxembourg,additional,UK/EU,All,
Central Bank of Malta,additional,UK/EU,All,
Central Bank of Montenegro,additional,UK/EU,All,
Central Bank of Nigeria,additional,ME/AF,All,
Central Bank of Oman,additional,ME/AF,All,
Central Bank of Sri Lanka,additional,APAC,All,
Central Bank of Tanzania,additional,ME/AF,All,
Central Bank of the Republic of Turkey,additional,UK/EU,All,
Central Bank of the UAE,additional,ME/AF,All,
Central Bank of Uruguay,additional,AMER,All,
Central Bank of Uzbekistan,additional,APAC,All,
CFPB,source,AMER,Consumer Credit,https://www.consumerfinance.gov/rules-policy/final-rules/
CFTC,source,AMER,Derivatives,https://www.cftc.gov/LawRegulation/FederalRegister/finalrules/index.htm
Chile,jurisdiction,Chile,All,
Chilean Financial Market Commission (CMF),additional,AMER,All,
China,jurisdiction,China,All,
China Banking and Insurance Regulatory Commission,additional,APAC,All,
China Securities Regulatory Commission,additional,APAC,All,
China State Administration for Market Regulation,additional,APAC,All,
CIMA,source,AMER,Banking,https://www.cima.ky/regulations-and-legislation/
Colombia,jurisdiction,Colombia,All,
Colombian Financial Information and Analysis Unit,additional,AMER,All,
Colorado,jurisdiction,Colorado,All,
Commodity Futures Trading Commission,additional,AMER,All,
Competition and Consumer Commission of Singapore,additional,APAC,All,
Competition Authority of Kenya,additional,ME/AF,All,
Competition Bureau Canada,additional,AMER,All,
Competition Commission of India,additional,APAC,All,
Competition Commission of South Africa,additional,ME/AF,All,
Connecticut,jurisdiction,Connecticut,All,
CONSOB,source,UK/EU,Securities,https://www.consob.it/web/consob-and-its-activities/regulations
Consumer Financial Protection Bureau,additional,AMER,All,
Costa Rica,jurisdiction,Costa Rica,All,
Croatia,jurisdiction,Croatia,All,
Croatian Financial Services Supervision Agency,additional,UK/EU,All,
Croatian National Bank,additional,UK/EU,All,
Cyprus,jurisdiction,Cyprus,All,
Cyprus Commission for the Protection of Competition,additional,UK/EU,All,
Cyprus Securities and Exchange Commission,additional,UK/EU,All,
CySEC,source,UK/EU,Securities,https://www.cysec.gov.cy/en-GB/legislation/
Czech National Bank,additional,UK/EU,All,
Czech Republic,jurisdiction,Czech Republic,All,
Czechia,jurisdiction,Czechia,All,
Danish Data Protection Agency,additional,UK/EU,All,
Danish Financial Supervisory Authority,additional,UK/EU,All,
Delaware,jurisdiction,Delaware,All,
Denmark,jurisdiction,Denmark,All,
DFSA,source,ME/AF,Securities,https://www.dfsa.ae/regulation/rulebooks
DOJ,source,AMER,Anti-Bribery,https://www.justice.gov/criminal-fraud/foreign-corrupt-practices-act
Dominican Republic,jurisdiction,Dominican Republic,All,
Dubai Financial Services Authority,additional,ME/AF,All,
Dubai Virtual Assets Regulatory Authority,additional,ME/AF,All,
Dutch Authority for the Financial Markets,additional,UK/EU,All,
Dutch Central Bank,additional,UK/EU,All,
Dutch Data Protection Authority,additional,UK/EU,All,
Eastern Caribbean Central Bank,additional,AMER,All,
EBA,source,UK/EU,Banking,https://www.eba.europa.eu/regulation-and-policy/single-rulebook
EBA,source,UK/EU,Banking,https://www.eba.europa.eu/regulation-and-policy/guidelines-and-recommendations
ECB,source,UK/EU,Prudential,https://www.bankingsupervision.europa.eu/legalframework/supervisoryregulations/html/index.en.html
EDPB,source,UK/EU,Data Protection,https://www.edpb.europa.eu/our-work-tools/our-documents/guidelines_en
Egypt,jurisdiction,Egypt,All,
Egyptian Anti-Money Laundering Unit,additional,ME/AF,All,
Egyptian Competition Authority,additional,ME/AF,All,
EIOPA,source,UK/EU,Insurance,https://www.eiopa.europa.eu/publications_en
EIOPA,source,UK/EU,Insurance,https://www.eiopa.europa.eu/guidance_en
El Salvador Central Reserve Bank,additional,AMER,All,
Electronic Money Association,additional,UK/EU,All,
ESMA,source,UK/EU,Securities,https://www.esma.europa.eu/rules-databases-library/esmas-technical-standards-and-guidelines
ESMA,source,UK/EU,Securities,https://www.esma.europa.eu/convergence/questions-and-answers
ESMA,source,UK/EU,Securities,https://www.esma.europa.eu/rules-databases-library/mifid-ii-and-mifir
Estonia,jurisdiction,Estonia,All,
Estonian Financial Supervision Authority,additional,UK/EU,All,
EU,jurisdiction,EU,All,
EUR-Lex,source,UK/EU,Banking,https://eur-lex.europa.eu/search.html?qid=&text=financial+services+regulation&scope=EURLEX&type=quick&lang=en
EUR-Lex,source,UK/EU,Data Protection,https://eur-lex.europa.eu/legal-content/EN/TXT/?uri=CELEX%3A32016R0679
EUR-Lex,source,UK/EU,Securities,https://eur-lex.europa.eu/legal-content/EN/TXT/?uri=CELEX%3A32014L0065
EUR-Lex,source,UK/EU,Insurance,https://eur-lex.europa.eu/legal-content/EN/TXT/?uri=CELEX%3A32009L0138
European Banking Authority,additional,UK/EU,All,
European Central Bank,additional,UK/EU,All,
European Commission,additional,UK/EU,All,
European Data Protection Board,additional,UK/EU,All,
European Data Protection Supervisor,additional,UK/EU,All,
European Insurance and Occupational Pensions Authority,additional,UK/EU,All,
European Parliament,additional,UK/EU,All,
European Payments Council,additional,UK/EU,All,
European Securities and Markets Authority,additional,UK/EU,All,
European Systemic Risk Board,additional,UK/EU,All,
European Union,jurisdiction,European Union,All,
Europol,additional,UK/EU,All,
FATF,source,Global,AML / CFT,https://www.fatf-gafi.org/en/publications/Fatfrecommendations.html
FATF,source,Global,AML / CFT,https://www.fatf-gafi.org/en/publications/Mutualevaluations.html
FATF,source,Global,AML / CFT,https://www.fatf-gafi.org/en/publications/Fatfrecommendations/Risk-based-approach-guidance-for-the-banking-sector.html
FCA,source,UK/EU,Banking,https://www.fca.org.uk/publications/policy-statements
FCA,source,UK/EU,Banking,https://www.fca.org.uk/publications/consultation-papers
FCA,source,UK/EU,Banking,https://www.fca.org.uk/publications/final-notices
FDIC,source,AMER,Banking,https://www.fdic.gov/regulations/laws/rules/
Federal,jurisdiction,Federal,All,
Federal Deposit Insurance Corporation,additional,AMER,All,
Federal Financial Institutions Examination Council,additional,AMER,All,
Federal Reserve,source,AMER,Banking,https://www.federalreserve.gov/apps/foia/regulationsearch.aspx
Federal Reserve,source,AMER,Banking,https://www.federalreserve.gov/supervisionreg/srletters/srletters.htm
Federal Reserve,additional,AMER,All,
Federal Trade Commission,additional,AMER,All,
Finance Denmark,additional,UK/EU,All,
Finance Finland,additional,UK/EU,All,
Finance Norway,additional,UK/EU,All,
Financial Action Task Force,additional,Global,All,
Financial Crimes Enforcement Network,additional,AMER,All,
Financial Industry Regulatory Authority,additional,AMER,All,
Financial Intelligence Centre - South Africa,additional,ME/AF,All,
Financial Markets Authority - New Zealand,additional,APAC,All,
Financial Reporting Council,additional,UK/EU,All,
Financial Sector Conduct Authority,additional,ME/AF,All,
Financial Services Agency - Japan,additional,APAC,All,
Financial Services and Markets Authority - Belgium,additional,UK/EU,All,
Financial Services Commission - South Korea,additional,APAC,All,
Financial Stability Board,additional,Global,All,
Financial Stability Oversight Council,additional,AMER,All,
Financial Supervisory Authority - Finland,additional,UK/EU,All,
Financial Supervisory Authority - Romania,additional,UK/EU,All,
Financial Supervisory Authority - Sweden,additional,UK/EU,All,
Financial Transactions and Reports Analysis Centre of Canada,additional,AMER,All,
Finland,jurisdiction,Finland,All,
FINMA,source,UK/EU,Banking,https://www.finma.ch/en/regulation/regulations/
FINMA,source,UK/EU,Banking,https://www.finma.ch/en/regulation/circulars/
Finnish Competition and Consumer Authority,additional,UK/EU,All,
FINRA,source,AMER,Securities,https://www.finra.org/rules-guidance/rulebooks/finra-rules
FINRA,source,AMER,Securities,https://www.finra.org/rules-guidance/notices
Florida,jurisdiction,Florida,All,
France,jurisdiction,France,All,
French Banking Federation,additional,UK/EU,All,
French Competition Authority,additional,UK/EU,All,
FSA Japan,source,APAC,Banking,https://www.fsa.go.jp/en/laws_regulations/
FSA Japan,source,APAC,Banking,https://www.fsa.go.jp/en/refer/guideline/
FSB,source,Global,Banking,https://www.fsb.org/publications/
FSCA,source,ME/AF,Securities,https://www.fsca.co.za/Regulatory%20Frameworks/Pages/Regulatory-Frameworks.aspx
G20,additional,Global,All,
Georgia,jurisdiction,Georgia,All,
German Federal Financial Supervisory Authority,additional,UK/EU,All,
Germany,jurisdiction,Germany,All,
Ghana,jurisdiction,Ghana,All,
Gibraltar Financial Services Commission,additional,UK/EU,All,
Greece,jurisdiction,Greece,All,
Greek Anti-Money Laundering Authority,additional,UK/EU,All,
Hawaii,jurisdiction,Hawaii,All,
Hellenic Capital Market Commission,additional,UK/EU,All,
Hellenic Data Protection Authority,additional,UK/EU,All,
HKMA,source,APAC,Banking,https://www.hkma.gov.hk/eng/regulatory-resources/regulatory-guides/supervisory-policy-manual/
HM Revenue & Customs,additional,UK/EU,All,
HM Treasury,source,UK/EU,Banking,https://www.legislation.gov.uk/uksi?results-count=20&sort=issued&title=financial
HM Treasury,additional,UK/EU,All,
Hong Kong,jurisdiction,Hong Kong,All,
Hong Kong Competition Commission,additional,APAC,All,
Hong Kong Monetary Authority,additional,APAC,All,
Hungarian Competition Authority,additional,UK/EU,All,
Hungarian National Authority for Data Protection,additional,UK/EU,All,
Hungary,jurisdiction,Hungary,All,
IAIS,source,Global,Insurance,https://www.iaisweb.org/publications/
IAIS,source,Global,Insurance,https://www.iaisweb.org/consultations/
Iceland,jurisdiction,Iceland,All,
Iceland Financial Supervision Authority,additional,UK/EU,All,
ICO,source,UK/EU,Data Protection,https://ico.org.uk/for-organisations/uk-gdpr-guidance-and-resources/
Idaho,jurisdiction,Idaho,All,
IFRS Foundation,source,Global,ESG / Disclosure,https://www.ifrs.org/issued-standards/list-of-standards/
IFRS Foundation,source,Global,ESG / Disclosure,https://www.ifrs.org/groups/international-sustainability-standards-board/
Illinois,jurisdiction,Illinois,All,
IMF,source,Global,Prudential,https://www.imf.org/en/Publications/GFSR
India,jurisdiction,India,All,
Indiana,jurisdiction,Indiana,All,
Indonesia,jurisdiction,Indonesia,All,
Indonesian Financial Services Authority,additional,APAC,All,
Indonesian Financial Transaction Reports and Analysis Center,additional,APAC,All,
Information Commissioner's Office,additional,UK/EU,All,
Insurance Regulatory and Development Authority,additional,APAC,All,
International Finance Corporation,additional,Global,All,
International Monetary Fund,additional,Global,All,
International Organization of Securities Commissions,additional,Global,All,
IOSCO,source,Global,Securities,https://www.iosco.org/library/pubdocs/
Iowa,jurisdiction,Iowa,All,
Ireland,jurisdiction,Ireland,All,
Irish Competition and Consumer Protection Commission,additional,UK/EU,All,
Irish Data Protection Commission,additional,UK/EU,All,
Irish Department of Finance,additional,UK/EU,All,
Isle of Man Financial Services Authority,additional,UK/EU,All,
Israel,jurisdiction,Israel,All,
Israel Competition Authority,additional,ME/AF,All,
Israel Money Laundering and Terror Financing Prohibition Authority,additional,ME/AF,All,
Israel Privacy Protection Authority,additional,ME/AF,All,
Israel Securities Authority,additional,ME/AF,All,
Italian Competition Authority,additional,UK/EU,All,
Italian Data Protection Authority,additional,UK/EU,All,
Italian National Commission for Companies and the Stock Exchange,additional,UK/EU,All,
Italy,jurisdiction,Italy,All,
Japan,jurisdiction,Japan,All,
Japan Fair Trade Commission,additional,APAC,All,
Japan Financial Intelligence Unit,additional,APAC,All,
Japan Securities Dealers Association,additional,APAC,All,
Japanese Bankers Association,additional,APAC,All,
Joint Money Laundering Steering Group,additional,UK/EU,All,
Jordan,jurisdiction,Jordan,All,
Jordan Securities Commission,additional,ME/AF,All,
Kansas,jurisdiction,Kansas,All,
Kazakhstan,jurisdiction,Kazakhstan,All,
Kazakhstan Agency for Regulation and Development of Financial Market,additional,APAC,All,
Kentucky,jurisdiction,Kentucky,All,
Kenya,jurisdiction,Kenya,All,
Kenya Bankers Association,additional,ME/AF,All,
Kenya Office of the Data Protection Commissioner,additional,ME/AF,All,
Korea,jurisdiction,Korea,All,
Kuwait,jurisdiction,Kuwait,All,
Kyrgyzstan,jurisdiction,Kyrgyzstan,All,
Labuan Financial Services Authority,additional,APAC,All,
Laos,jurisdiction,Laos,All,
Latvia,jurisdiction,Latvia,All,
Latvian Finance and Capital Market Commission,additional,UK/EU,All,
Lebanon,jurisdiction,Lebanon,All,
Liechtenstein,jurisdiction,Liechtenstein,All,
Lithuania,jurisdiction,Lithuania,All,
Lithuanian Government,additional,UK/EU,All,
Louisiana,jurisdiction,Louisiana,All,
Luxembourg,jurisdiction,Luxembourg,All,
Luxembourg Government,additional,UK/EU,All,
Magyar Nemzeti Bank,additional,UK/EU,All,
Maine,jurisdiction,Maine,All,
Malaysia,jurisdiction,Malaysia,All,
Malaysia Securities Commission,additional,APAC,All,
Maldives Monetary Authority,additional,APAC,All,
Malta,jurisdiction,Malta,All,
Malta Financial Services Authority,additional,UK/EU,All,
Maryland,jurisdiction,Maryland,All,
MAS,source,APAC,Banking,https://www.mas.gov.sg/regulation/regulations-guidance-and-licensing
MAS,source,APAC,Banking,https://www.mas.gov.sg/regulation/consultations
Massachusetts,jurisdiction,Massachusetts,All,
Mauritius,jurisdiction,Mauritius,All,
Mauritius Government,additional,ME/AF,All,
Mexican Federal Competition Commission,additional,AMER,All,
Mexico,jurisdiction,Mexico,All,
Michigan,jurisdiction,Michigan,All,
Minnesota,jurisdiction,Minnesota,All,
Mississippi,jurisdiction,Mississippi,All,
Missouri,jurisdiction,Missouri,All,
Moldova,jurisdiction,Moldova,All,
Monaco,jurisdiction,Monaco,All,
Montana,jurisdiction,Montana,All,
Morocco,jurisdiction,Morocco,All,
Myanmar,jurisdiction,Myanmar,All,
Namibia,jurisdiction,Namibia,All,
National Bank of Belgium,additional,UK/EU,All,
Nebraska,jurisdiction,Nebraska,All,
Nepal,jurisdiction,Nepal,All,
Netherlands,jurisdiction,Netherlands,All,
Nevada,jurisdiction,Nevada,All,
New Hampshire,jurisdiction,New Hampshire,All,
New Jersey,jurisdiction,New Jersey,All,
New Mexico,jurisdiction,New Mexico,All,
New York,jurisdiction,New York,All,
New Zealand,jurisdiction,New Zealand,All,
New Zealand Reserve Bank,additional,APAC,All,
NFA,source,AMER,Derivatives,https://www.nfa.futures.org/rulebook/rules.aspx?Section=4
Nigeria,jurisdiction,Nigeria,All,
Nigeria Financial Intelligence Unit,additional,ME/AF,All,
North Carolina,jurisdiction,North Carolina,All,
North Dakota,jurisdiction,North Dakota,All,
North Macedonia,jurisdiction,North Macedonia,All,
Norway,jurisdiction,Norway,All,
OCC,source,AMER,Banking,https://www.occ.gov/topics/regulations-and-interpretations/regulations/index-regulations.html
OECD,source,Global,Anti-Bribery,https://www.oecd.org/en/topics/policy-issues/anti-corruption-and-integrity.html
OECD,source,Global,Anti-Bribery,https://www.oecd.org/en/topics/policy-issues/base-erosion-and-profit-shifting.html
Office of the Comptroller of the Currency,additional,AMER,All,
Ohio,jurisdiction,Ohio,All,
Oklahoma,jurisdiction,Oklahoma,All,
Oman,jurisdiction,Oman,All,
Ontario,jurisdiction,Ontario,All,
Ontario Securities Commission,additional,AMER,All,
Oregon,jurisdiction,Oregon,All,
Pakistan,jurisdiction,Pakistan,All,
Panama,jurisdiction,Panama,All,
Paraguay,jurisdiction,Paraguay,All,
Payment Systems Regulator,additional,UK/EU,All,
Pennsylvania,jurisdiction,Pennsylvania,All,
People's Bank of China,additional,APAC,All,
Peru,jurisdiction,Peru,All,
Philippines,jurisdiction,Philippines,All,
Philippines Securities and Exchange Commission,additional,APAC,All,
Poland,jurisdiction,Poland,All,
Polish Financial Supervision Authority,additional,UK/EU,All,
Portugal,jurisdiction,Portugal,All,
PRA,source,UK/EU,Prudential,https://www.bankofengland.co.uk/prudential-regulation/publication/supervisory-statements
PRA,source,UK/EU,Prudential,https://www.bankofengland.co.uk/prudential-regulation/publication/policy-statements
Puerto Rico,jurisdiction,Puerto Rico,All,
Qatar,jurisdiction,Qatar,All,
Quebec,jurisdiction,Quebec,All,
RBI,source,APAC,Banking,https://rbi.org.in/Scripts/NotificationUser.aspx?Mode=0&Id=0
RBI,source,APAC,Banking,https://rbi.org.in/Scripts/NotificationUser.aspx
Reserve Bank of Australia,additional,APAC,All,
Reserve Bank of India,additional,APAC,All,
Reserve Bank of New Zealand,additional,APAC,All,
Rhode Island,jurisdiction,Rhode Island,All,
Romania,jurisdiction,Romania,All,
Romanian National Bank,additional,UK/EU,All,
SAMA,source,ME/AF,Banking,https://www.sama.gov.sa/en-US/Laws/Pages/regulations.aspx
Saudi Arabia,jurisdiction,Saudi Arabia,All,
Saudi Central Bank (SAMA),additional,ME/AF,All,
SEBI,source,APAC,Securities,https://www.sebi.gov.in/sebiweb/home/HomeAction.do?doListing=yes&sid=1&ssid=2&smid=
SEC,source,AMER,Securities,https://www.sec.gov/rules/final.shtml
SEC,source,AMER,Securities,https://www.sec.gov/rules/proposed.shtml
SEC,source,AMER,Anti-Bribery,https://www.sec.gov/divisions/enforce/fcpa.shtml
Securities and Exchange Board of India,additional,APAC,All,
Securities and Exchange Commission - Philippines,additional,APAC,All,
Securities and Exchange Commission - US,additional,AMER,All,
Securities Commission Malaysia,additional,APAC,All,
Serbia,jurisdiction,Serbia,All,
Serious Fraud Office,additional,UK/EU,All,
SFC,source,APAC,Securities,https://www.sfc.hk/en/Rules-and-Standards/Codes-and-guidelines
SFC,source,APAC,Securities,https://www.sfc.hk/en/Regulatory-updates
SFO,source,UK/EU,Anti-Bribery,https://www.sfo.gov.uk/publications/
Singapore,jurisdiction,Singapore,All,
Singapore Police Force,additional,APAC,All,
Slovakia,jurisdiction,Slovakia,All,
Slovenia,jurisdiction,Slovenia,All,
South Africa,jurisdiction,South Africa,All,
South African Reserve Bank,additional,ME/AF,All,
South Carolina,jurisdiction,South Carolina,All,
South Dakota,jurisdiction,South Dakota,All,
South Korea,jurisdiction,South Korea,All,
South Korea Financial Services Commission,additional,APAC,All,
Spain,jurisdiction,Spain,All,
Spanish Data Protection Agency,additional,UK/EU,All,
Spanish National Securities Market Commission,additional,UK/EU,All,
Sri Lanka,jurisdiction,Sri Lanka,All,
Sri Lanka Securities and Exchange Commission,additional,APAC,All,
Sweden,jurisdiction,Sweden,All,
Swedish Financial Supervisory Authority,additional,UK/EU,All,
Swiss Financial Market Supervisory Authority,additional,UK/EU,All,
Switzerland,jurisdiction,Switzerland,All,
Taiwan Financial Supervisory Commission,additional,APAC,All,
Tajikistan,jurisdiction,Tajikistan,All,
Tennessee,jurisdiction,Tennessee,All,
Texas,jurisdiction,Texas,All,
Thailand,jurisdiction,Thailand,All,
Thailand Securities and Exchange Commission,additional,APAC,All,
Tunisia,jurisdiction,Tunisia,All,
Turkey,jurisdiction,Turkey,All,
Turkish Banking Regulation and Supervision Agency,additional,UK/EU,All,
Turkish Capital Markets Board,additional,UK/EU,All,
Turkmenistan,jurisdiction,Turkmenistan,All,
UAE,jurisdiction,UAE,All,
UAE Central Bank,source,ME/AF,Banking,https://www.centralbank.ae/en/regulatory-framework
UAE Securities and Commodities Authority,additional,ME/AF,All,
Uganda,jurisdiction,Uganda,All,
Uganda Revenue Authority,additional,ME/AF,All,
UK,jurisdiction,UK,All,
UK Financial Intelligence Unit,additional,UK/EU,All,
UK Government,source,UK/EU,Anti-Bribery,https://www.legislation.gov.uk/ukpga/2010/23/contents
Ukraine National Bank,additional,UK/EU,All,
United Arab Emirates,jurisdiction,United Arab Emirates,All,
United Kingdom,jurisdiction,United Kingdom,All,
Uruguay,jurisdiction,Uruguay,All,
US Department of Justice,additional,AMER,All,
US Department of the Treasury,additional,AMER,All,
US Office of Foreign Assets Control,additional,AMER,All,
Utah,jurisdiction,Utah,All,
Uzbekistan,jurisdiction,Uzbekistan,All,
Vermont,jurisdiction,Vermont,All,
Vietnam,jurisdiction,Vietnam,All,
Vietnam State Securities Commission,additional,APAC,All,
Virginia,jurisdiction,Virginia,All,
Washington,jurisdiction,Washington,All,
West Virginia,jurisdiction,West Virginia,All,
Wisconsin,jurisdiction,Wisconsin,All,
World Bank,source,Global,Banking,https://www.worldbank.org/en/topic/financialsector/publication
World Bank,additional,Global,All,
Wyoming,jurisdiction,Wyoming,All,
Zambia,jurisdiction,Zambia,All,
